0,Class Libraries,index.html,index.src
0,Namespace,namespace.html,namespace.src
1,System,System.html,bn/System
1,System.Collections,System.Collections.html,bn/System.Collections
1,System.Collections.Specialized,System.Collections.Specialized.html,bn/System.Collections.Specialized
1,System.ComponentModel,System.ComponentModel.html,bn/System.ComponentModel
1,System.Configuration,System.Configuration.html,bn/System.Configuration
1,System.Configuration.Assemblies,System.Configuration.Assemblies.html,bn/System.Configuration.Assemblies
1,System.Data,System.Data.html,bn/System.Data
1,System.Diagnostics,System.Diagnostics.html,bn/System.Diagnostics
1,System.Drawing,System.Drawing.html,bn/System.Drawing
1,System.Drawing.Drawing2D,System.Drawing.Drawing2D.html,bn/System.Drawing.Drawing2D
1,System.Globalization,System.Globalization.html,bn/System.Globalization
1,System.Globalization.Calendar,System.Globalization.Calendar.html,bn/System.Globalization.Calendar
1,System.IO,System.IO.html,bn/System.IO
1,System.Net,System.Net.html,bn/System.Net
1,System.Net.Sockets,System.Net.Sockets.html,bn/System.Net.Sockets
1,System.Reflection,System.Reflection.html,bn/System.Reflection
1,System.Reflection.Emit,System.Reflection.Emit.html,bn/System.Reflection.Emit
1,System.Resources,System.Resources.html,bn/System.Resources
1,System.Runtime.Remoting,System.Runtime.Remoting.html,bn/System.Runtime.Remoting
1,System.Runtime.Remoting.Activation,System.Runtime.Remoting.Activation.html,bn/System.Runtime.Remoting.Activation
1,System.Runtime.Remoting.Contexts,System.Runtime.Remoting.Contexts.html,bn/System.Runtime.Remoting.Contexts
1,System.Runtime.Remoting.Messaging,System.Runtime.Remoting.Messaging.html,bn/System.Runtime.Remoting.Messaging
1,System.Runtime.Serialization,System.Runtime.Serialization.html,bn/System.Runtime.Serialization
1,System.Runtime.Serialization.Formatters,System.Runtime.Serialization.Formatters.html,bn/System.Runtime.Serialization.Formatters
1,System.Security,System.Security.html,bn/System.Security
1,System.Security.Cryptography,System.Security.Cryptography.html,bn/System.Security.Cryptography
1,System.Security.Permissions,System.Security.Permissions.html,bn/System.Security.Permissions
1,System.Security.Policy,System.Security.Policy.html,bn/System.Security.Policy
1,System.Text,System.Text.html,bn/System.Text
1,System.Threading,System.Threading.html,bn/System.Threading
1,System.Web,System.Web.html,bn/System.Web
1,System.Web.Hosting,System.Web.Hosting.html,bn/System.Web.Hosting
1,System.Web.HttpWorkerRequest,System.Web.HttpWorkerRequest.html,bn/System.Web.HttpWorkerRequest
1,System.Web.UI,System.Web.UI.html,bn/System.Web.UI
1,System.Web.UI.HtmlControlls,System.Web.UI.HtmlControlls.html,bn/System.Web.UI.HtmlControlls
1,System.Web.UI.WebControls,System.Web.UI.WebControls.html,bn/System.Web.UI.WebControls
1,System.Xml,System.Xml.html,bn/System.Xml
0,Maintainer,maintainer.html,maintainer.src
1,Matthew.S.Ford@rose-hulman.edu,Matthew.S.Ford@rose-hulman.edu.html,bm/Matthew.S.Ford@rose-hulman.edu
1,Patrik.Torstensson@labs2.com,Patrik.Torstensson@labs2.com.html,bm/Patrik.Torstensson@labs2.com
1,angryjohn69@nc.rr.com,angryjohn69@nc.rr.com.html,bm/angryjohn69@nc.rr.com
1,bob@thestuff.net,bob@thestuff.net.html,bm/bob@thestuff.net
1,cpodurgiel@msn.com,cpodurgiel@msn.com.html,bm/cpodurgiel@msn.com
1,crichton@gimp.org,crichton@gimp.org.html,bm/crichton@gimp.org
1,czw@home.se,czw@home.se.html,bm/czw@home.se
1,daniel-weber@austin.rr.com,daniel-weber@austin.rr.com.html,bm/daniel-weber@austin.rr.com
1,develop@wtfo-guru.com,develop@wtfo-guru.com.html,bm/develop@wtfo-guru.com
1,dholden@draper.com,dholden@draper.com.html,bm/dholden@draper.com
1,dick@ximian.com,dick@ximian.com.html,bm/dick@ximian.com
1,dietmar@ximian.com,dietmar@ximian.com.html,bm/dietmar@ximian.com
1,dmenest@yahoo.com,dmenest@yahoo.com.html,bm/dmenest@yahoo.com
1,dsh2120@draper.com,dsh2120@draper.com.html,bm/dsh2120@draper.com
1,duco@lorentz.xs4all.nl,duco@lorentz.xs4all.nl.html,bm/duco@lorentz.xs4all.nl
1,duncan@ximian.com,duncan@ximian.com.html,bm/duncan@ximian.com
1,fejj@ximian.com,fejj@ximian.com.html,bm/fejj@ximian.com
1,gleb@eurosoft.od.ua,gleb@eurosoft.od.ua.html,bm/gleb@eurosoft.od.ua
1,gvaish@iitk.ac.in,gvaish@iitk.ac.in.html,bm/gvaish@iitk.ac.in
1,hildjj@cursive.net,hildjj@cursive.net.html,bm/hildjj@cursive.net
1,iain@ximian.com,iain@ximian.com.html,bm/iain@ximian.com
1,jason@injektilo.org,jason@injektilo.org.html,bm/jason@injektilo.org
1,jbarn@httcb.net,jbarn@httcb.net.html,bm/jbarn@httcb.net
1,joe@ximian.com,joe@ximian.com.html,bm/joe@ximian.com
1,john.giffin@xor.com,john.giffin@xor.com.html,bm/john.giffin@xor.com
1,kbottner@istation.com,kbottner@istation.com.html,bm/kbottner@istation.com
1,lupus@ximian.com,lupus@ximian.com.html,bm/lupus@ximian.com
1,macisaac@ximian.com,macisaac@ximian.com.html,bm/macisaac@ximian.com
1,marcel@narings.nl,marcel@narings.nl.html,bm/marcel@narings.nl
1,marcins@zipworld.com.au,marcins@zipworld.com.au.html,bm/marcins@zipworld.com.au
1,martin.weindel@t-online.de,martin.weindel@t-online.de.html,bm/martin.weindel@t-online.de
1,michaellambert@bellsouth.net,michaellambert@bellsouth.net.html,bm/michaellambert@bellsouth.net
1,miguel@ximian.com,miguel@ximian.com.html,bm/miguel@ximian.com
1,mkestner@speakeasy.net,mkestner@speakeasy.net.html,bm/mkestner@speakeasy.net
1,mpultz@get2net.dk,mpultz@get2net.dk.html,bm/mpultz@get2net.dk
1,ndrochak@gol.com,ndrochak@gol.com.html,bm/ndrochak@gol.com
1,rooneg@electricjellyfish.net,rooneg@electricjellyfish.net.html,bm/rooneg@electricjellyfish.net
1,scott@stonecobra.com,scott@stonecobra.com.html,bm/scott@stonecobra.com
1,serge@wildwestsoftware.com,serge@wildwestsoftware.com.html,bm/serge@wildwestsoftware.com
1,sm@cg.tuwien.ac.at,sm@cg.tuwien.ac.at.html,bm/sm@cg.tuwien.ac.at
1,swildermuth@adoguy.com,swildermuth@adoguy.com.html,bm/swildermuth@adoguy.com
1,toelen@hotmail.com,toelen@hotmail.com.html,bm/toelen@hotmail.com
1,tomasr@mvps.org,tomasr@mvps.org.html,bm/tomasr@mvps.org
1,tome@sbox.tugraz.at,tome@sbox.tugraz.at.html,bm/tome@sbox.tugraz.at
1,vladimir@pobox.com,vladimir@pobox.com.html,bm/vladimir@pobox.com
1,wictor@iBizkit.se,wictor@iBizkit.se.html,bm/wictor@iBizkit.se
